3d-Skin-Layers,https://modrinth.com/mod/3dskinlayers,1.10.1,tr7zw,skinlayers3d-neoforge-1.10.1-mc1.21.1.jar
AE2 Import Export Card,https://www.curseforge.com/projects/982512,1.21.1-1.4.3,Ultramega,ae2importexportcard-1.21.1-1.4.3.jar
AE2 JEI Integration,https://www.curseforge.com/projects/1074338,1.2.0,Tamaized, mezz,ae2jeiintegration-1.2.0.jar
AE2:Crafting Tree,https://www.curseforge.com/projects/1086241,1.21.1-1.1.1,Neuvillette,ae2ct-1.21.1-1.1.1.jar
AE2NetworkAnalyzer,https://www.curseforge.com/projects/961856,1.21-2.1.4-neoforge,GlodBlock,AE2NetworkAnalyzer-1.21-2.1.4-neoforge.jar
AE2WTLib,https://www.curseforge.com/projects/459929,19.3.0,mari_023, Ridanisaurus,ae2wtlib-19.3.0.jar
AEInfinityBooster,https://www.curseforge.com/projects/559313,1.21.1-1.0.0.54,Hexeption,aeinfinitybooster-neoforge-1.21.1-1.0.0.54.jar
AI-Improvements,https://www.curseforge.com/projects/233019,0.5.3,BuiltBrokenModding,AI-Improvements-1.21-0.5.3.jar
Accelerated Decay,https://www.curseforge.com/projects/699872,21.0.0,ErrorMikey,accelerated-decay-neoforge-21.0.0.jar
Accessories,https://www.curseforge.com/projects/938917,1.1.0-beta.52+1.21.1,Blodhgarm, chyzman, Dr.Zeal,accessories-neoforge-1.1.0-beta.52+1.21.1.jar
Actually Additions,https://www.curseforge.com/projects/228404,1.3.24,Ellpeck,actuallyadditions-1.3.24+mc1.21.1.jar
Additional Lights,https://www.curseforge.com/projects/384991,2.1.10,mgen256,additional_lights-neoforge-1.21-2.1.10.jar
Advanced AE,https://www.curseforge.com/projects/1084104,1.6.9-1.21.1,Pedroksl,AdvancedAE-1.6.9-1.21.1.jar
Akashic Tome,https://www.curseforge.com/projects/250577,1.8-29,Vazkii, MoreThanHidden, Uraneptus,AkashicTome-1.8-29.jar
All The Arcanist Gear,https://www.curseforge.com/projects/1094032,1.21.1-21.3.2,Jarva,allthearcanistgear-1.21.1-21.3.2.jar
All The Leaks,https://www.curseforge.com/projects/1091339,1.1.6+1.21.1-neoforge,Uncandango,alltheleaks-1.1.6+1.21.1-neoforge.jar
All The Mons,https://www.curseforge.com/projects/1361840,0.0.32,LobsterJonn,allthemons-0.0.32.jar
AllTheCompressed,https://www.curseforge.com/projects/514045,4.4.0,Pdiddy973,allthecompressed-1.21.1-4.4.0.jar
AllTheOres,https://www.curseforge.com/projects/405593,3.1.8,thevortex, whatthedrunk, Satherov,alltheores-3.1.8_neoforge_1.21.1.jar
AllTheTweaks,https://www.curseforge.com/projects/364120,2.8.3,thevortex, whatthedrunk,allthetweaks-1.21.1-2.8.3.jar
Allthemodium,https://www.curseforge.com/projects/364466,3.0.0,thevortex, whatthedrunk,allthemodium-3.0.0_mc_1.21.1.jar
AlmostUnified,https://www.curseforge.com/projects/633823,1.21.1-1.3.0,Almost Reliable,almostunified-neoforge-1.21.1-1.3.0.jar
Amendments,https://www.curseforge.com/projects/896746,1.21-2.0.15,MehVahdJukaar, Plantkillable,amendments-1.21-2.0.15-neoforge.jar
Apotheosis,https://www.curseforge.com/projects/313970,8.4.2,Shadows_of_Fire,Apotheosis-1.21.1-8.4.2.jar
Apothic Attributes,https://www.curseforge.com/projects/898963,2.9.1,Shadows_of_Fire,ApothicAttributes-1.21.1-2.9.1.jar
Apothic Enchanting,https://www.curseforge.com/projects/1063926,1.5.1,Shadows_of_Fire,ApothicEnchanting-1.21.1-1.5.1.jar
Apothic Spawners,https://www.curseforge.com/projects/986583,1.3.4,Shadows_of_Fire,ApothicSpawners-1.21.1-1.3.4.jar
AppleSkin,https://www.curseforge.com/projects/248787,3.0.8+mc1.21,squeek,appleskin-neoforge-mc1.21-3.0.8.jar
Applied Energistics 2,https://www.curseforge.com/projects/223794,19.2.17,Team AppliedEnergistics,appliedenergistics2-19.2.17.jar
Applied Mekanistics,https://www.curseforge.com/projects/574300,1.6.3,ramidzkh,Applied-Mekanistics-1.6.3.jar
AppliedFlux,https://www.curseforge.com/projects/965012,1.21-2.1.4-neoforge,GlodBlock,AppliedFlux-1.21-2.1.4-neoforge.jar
Aquaculture 2,https://www.curseforge.com/projects/60028,2.7.18,Shadowclaimer, Girafi,Aquaculture-1.21.1-2.7.18.jar
Architectury,https://www.curseforge.com/projects/419699,13.0.8,shedaniel,architectury-13.0.8-neoforge.jar
Ars Additions,https://www.curseforge.com/projects/974408,1.21.1-21.2.3,Jarva,ars_additions-1.21.1-21.2.3.jar
Ars Controle,https://www.curseforge.com/projects/1061812,1.21.1-1.6.15,Qther,ars_controle-1.21.1-1.6.15.jar
Ars Creo,https://www.curseforge.com/projects/575698,5.2.0,Bailey,ars_creo-1.21.1-5.2.0.jar
Ars Elemancy,https://www.curseforge.com/projects/1153666,1.11,Lyrellion,ars_elemancy-1.21.1-1.11.jar
Ars Elemental,https://www.curseforge.com/projects/561470,0.7.6.13,Alexthw,ars_elemental-1.21.1-0.7.6.13.jar
Ars Nouveau,https://www.curseforge.com/projects/401955,5.11.1,Bailey Hollingsworth,ars_nouveau-1.21.1-5.11.1.jar
Ars Ocultas,https://www.curseforge.com/projects/907843,2.2.0,mystchonky,ars_ocultas-1.21.1-2.2.0.jar
Ars Polymorphia,https://www.curseforge.com/projects/1197614,1.0.3,Qther,ars_polymorphia-1.0.3.jar
Ars Technica,https://www.curseforge.com/projects/1096161,2.6.1,zeroregard,ars_technica-1.21.1-2.6.1.jar
Ars Unification,https://www.curseforge.com/projects/1165429,1.2.18,Qther,ars_unification-1.2.18.jar
Ars Énergistique,https://www.curseforge.com/projects/905641,2.1.1-beta,90, dkmk100,arseng-2.1.1-beta.jar
Artifacts,https://www.curseforge.com/projects/312353,13.2.0,ochotonida,artifacts-neoforge-13.2.0.jar
Athena,https://www.curseforge.com/projects/841890,4.0.2,ThatGravyBoat,athena-neoforge-1.21-4.0.2.jar
AttributeFix,https://www.curseforge.com/projects/280510,21.1.3,Darkhax,attributefix-neoforge-1.21.1-21.1.3.jar
Bad Wither No Cookie Reloaded,https://www.curseforge.com/projects/261251,3.20.3,Kreezxil, Eleksploded,bwncr-neoforge-1.21.1-3.20.3.jar
Balm,https://www.curseforge.com/projects/531761,21.0.56,BlayTheNinth,balm-neoforge-1.21.1-21.0.56.jar
Baubley Heart Canisters,https://www.curseforge.com/projects/282947,1.21.1-1.3.1,Traverse_Joe,baubley-heart-canisters-1.21.1-1.3.1.jar
Berry Pouch,https://www.curseforge.com/projects/1246510,0.5.3-beta,Flandre,Andromeda,Thirace,kim,berrypouch-neoforge-1.21.1-0.5.3-beta.jar
Better Advancements,https://www.curseforge.com/projects/272515,0.4.3.21,way2muchnoise,BetterAdvancements-NeoForge-1.21.1-0.4.3.21.jar
Better Compatibility Checker,https://www.curseforge.com/projects/551894,21.1.8,Gaz(Gaz492),better-compatability-checker-neoforge-21.1.8.jar
Blue Flame Burning,https://www.curseforge.com/projects/656551,1.21.1-1.1.1,LobsterJonn,blueflame-1.21.1-1.1.1.jar
Bookshelf,https://www.curseforge.com/projects/228525,21.1.80,Darkhax,bookshelf-neoforge-1.21.1-21.1.80.jar
BotanyPots,https://www.curseforge.com/projects/353928,21.1.41,Darkhax,botanypots-neoforge-1.21.1-21.1.41.jar
BotanyPots-Mystical,https://www.curseforge.com/projects/1329409,21.1.11,Darkhax,botanypotsmystical-neoforge-1.21.1-21.1.11.jar
BotanyTrees,https://www.curseforge.com/projects/411357,21.1.3,Darkhax,botanytrees-neoforge-1.21.1-21.1.3.jar
Brandon's Core,https://www.curseforge.com/projects/231382,3.2.1.309,brandon3055,BrandonsCore-1.21.1-3.2.1.309.jar
Bridging Mod,https://www.curseforge.com/projects/533942,2.6.2+1.21.1,CG360,BridgingMod-2.6.2+1.21.1.neoforge-release.jar
Building Gadgets 2,https://www.curseforge.com/projects/298187,1.3.9,Direwolf20,buildinggadgets2-1.3.9.jar
Caelus API,https://www.curseforge.com/projects/308989,7.0.1+1.21.1,Illusive Soulworks,caelus-neoforge-7.0.1+1.21.1.jar
Camol,https://www.curseforge.com/projects/1214396,1.21.1-0.3.0,LobsterJonn,camol-1.21.1-0.3.0.jar
Charging Gadgets,https://www.curseforge.com/projects/399757,1.14.1,Direwolf20, ErrorMikey,charginggadgets-1.14.1.jar
Chipped,https://www.curseforge.com/projects/456956,4.0.2,Alex Nijjar, Grimbop, Kekie6, ThatGravyBoat,chipped-neoforge-1.21.1-4.0.2.jar
Chisel Reborn,https://www.curseforge.com/projects/551763,2.0.0+mc1.21.1,,chisel-neoforge-2.0.0+mc1.21.1.jar
Chroma Carvings,https://www.curseforge.com/projects/1283857,1.21.1-0.2.0,LobsterJonn,chromacarvings-1.21.1-0.2.0.jar
Clean Swing,https://www.curseforge.com/projects/915308,1.9,Raycoms,cleanswing-1.9.jar
Cloth Config v15 API,https://www.curseforge.com/projects/348521,15.0.140,shedaniel,cloth-config-15.0.140-neoforge.jar
Cloud Glass,https://www.curseforge.com/projects/1157074,1.0.1,Mrbysco,CloudGlass-1.21.1-1.0.1.jar
Clumps,https://www.curseforge.com/projects/256717,19.0.0.1,Jared,Clumps-neoforge-1.21.1-19.0.0.1.jar
Cobblegen Galore,https://www.curseforge.com/projects/1108467,1.21.1-0.2.8,LobsterJonn,cobblegengalore-1.21.1-0.2.8.jar
Cobbleloots: Loot Balls and More!,https://www.curseforge.com/projects/1037611,2.1.0,RipioDev,cobbleloots-neoforge-2.1.0.jar
Cobblemon,https://www.curseforge.com/projects/687131,1.7.3+1.21.1,The Cobblemon Team,Cobblemon-neoforge-1.7.3+1.21.1.jar
Cobblemon Battle Extras,https://www.curseforge.com/projects/1396525,1.7.26,Raguto & Yemagh,cobblemon-battle-extras-neoforge-1.7.26.jar
Cobblemon Fight or Flight,https://www.curseforge.com/projects/1168140,0.10.6,rufia,LyquidQrystal,fightorflight-neoforge-0.10.6.jar
Cobblemon Raid Dens,https://www.curseforge.com/projects/1349231,0.6.5+1.21.1,NecroSo1,cobblemonraiddens-neoforge-0.6.5+1.21.1.jar
Cobblemon Utility+,https://www.curseforge.com/projects/1205589,1.7.2,brendon3,Cobblemon-Utility+-neoforge-1.7.2.jar
Cobblemon: Extra Structures,https://www.curseforge.com/projects/1202622,1.21.1-1.2.0,Roi Pasteque,cobblemonextrastructures-1.21.1-1.2.0-neoforge.jar
Cobblemon:Mega Showdown,https://www.curseforge.com/projects/1189523,1.6.8+1.7.3+1.21.1,Yajat Kaul,mega_showdown-neoforge-1.6.8+1.7.3+1.21.1.jar
Cobblenav,https://www.curseforge.com/projects/976014,2.2.5,gatekeep,cobblenav-neoforge-2.2.5.jar
Cobblepedia,https://www.curseforge.com/projects/850946,0.7.0,VinnyStalck,Cobblepedia-NeoForge-0.7.1.jar
Cobbleworkers,https://www.curseforge.com/projects/1296055,1.7.0+1.7.0,Accieo,cobbleworkers-neoforge-1.7.0+1.7.0.jar
Cobweb,https://www.curseforge.com/projects/968456,1.4.0,Crystal Spider, Moonstone Webber, Noir,cobweb-neoforge-1.21-1.4.0.jar
CodeChicken Lib,https://www.curseforge.com/projects/242818,4.6.1.526,ChickenBones, covers1624,CodeChickenLib-1.21.1-4.6.1.526.jar
Colorful Hearts,https://www.curseforge.com/projects/854213,10.5.9,Terrails,colorfulhearts-neoforge-1.21.1-10.5.9.jar
Colorwheel,https://www.curseforge.com/projects/1254143,1.2.1+mc1.21.1,djefrey,colorwheel-neoforge-1.2.1+mc1.21.1.jar
Colorwheel Patcher,https://www.curseforge.com/projects/1285475,1.0.4+mc1.21.1,djefrey,colorwheel_patcher-neoforge-1.0.4+mc1.21.1.jar
Comforts,https://www.curseforge.com/projects/276951,9.0.5+1.21.1,Illusive Soulworks,comforts-neoforge-9.0.5+1.21.1.jar
CommonCapabilities,https://www.curseforge.com/projects/247007,2.11.3,rubensworks (aka kroeser),commoncapabilities-1.21.1-neoforge-2.11.3.jar
Compact Machines,https://www.curseforge.com/projects/224218,7.0.80,Davenonymous, RobotGryphon,compactmachines-neoforge-7.0.80.jar
Connected Glass,https://www.curseforge.com/projects/383129,1.1.14,SuperMartijn642,connectedglass-1.1.14-neoforge-mc1.21.jar
ConnectedTexturesMod,https://www.curseforge.com/projects/267602,1.21-1.2.1+3,tterrag, Drullkus, minecreatr,CTM-1.21-1.2.1+3.jar
Connectivity Mod,https://www.curseforge.com/projects/470193,7.6,Someaddon,connectivity-1.21.1-7.6.jar
Construction Sticks,https://www.curseforge.com/projects/1156098,1.2.3,Mrbysco, ShyNieke,ConstructionSticks-1.21.1-1.2.3.jar
Controlling,https://www.curseforge.com/projects/250398,19.0.5,Jaredlll08,Controlling-neoforge-1.21.1-19.0.5.jar
Cooking for Blockheads,https://www.curseforge.com/projects/231484,21.1.17,BlayTheNinth,cookingforblockheads-neoforge-1.21.1-21.1.17.jar
CosmeticArmorReworked,https://www.curseforge.com/projects/237307,1.21.1-v1-neoforge,zlainsama,cosmeticarmorreworked-1.21.1-v1-neoforge.jar
Crafting On A Stick,https://www.curseforge.com/projects/577850,1.21.0.4,OfekN,crafting_on_a_stick-1.21.0.4.jar
Crafting Tweaks,https://www.curseforge.com/projects/233071,21.1.7,BlayTheNinth,craftingtweaks-neoforge-1.21.1-21.1.7.jar
Crash Assistant,https://www.curseforge.com/projects/1154099,1.10.28,KostromDan,CrashAssistant-neoforge-1.20.6-1.21.4-1.10.28.jar
Crash Utilities,https://www.curseforge.com/projects/371813,9.0.4,Darkere,crashutilities-9.0.4.jar
Create,https://www.curseforge.com/projects/328085,6.0.9,simibubi,create-1.21.1-6.0.9.jar
Create Aquatic Ambitions,https://www.curseforge.com/projects/1005676,2.0.2,Davi Oliva,create_aquatic_ambitions-1.21.1-2.0.2.jar
Create Cobblemon Balls Overhaul,https://www.curseforge.com/projects/1255522,0.0.4,xKcinnay,createcobblemonballsoverhaul-0.0.4.jar
Create Crafts & Additions,https://www.curseforge.com/projects/439890,1.5.10,MRH0,createaddition-1.5.10.jar
Create Hypertube,https://www.curseforge.com/projects/1281336,0.3.0,Rok,create_hypertube-0.3.0-NEOFORGE.jar
Create: Bells & Whistles,https://www.curseforge.com/projects/905040,0.4.7-1.21.1,lev,bellsandwhistles-0.4.7-1.21.1.jar
Create: Dragons Plus,https://www.curseforge.com/projects/1216624,1.8.6,DragonsPlus,create-dragons-plus-1.8.6.jar
Create: Enchantment Industry,https://www.curseforge.com/projects/688768,2.2.5b,DragonsPlus,create-enchantment-industry-2.2.5b.jar
Creeper Overhaul,https://www.curseforge.com/projects/561625,4.0.6,Artist/Creator - Joosh, Dev - ThatGravyBoat,CreeperOverhaul-neoforge-1.21.1-4.0.6.jar
Cristel Lib,https://www.curseforge.com/projects/856996,3.0.2.1,Cristelknight,cristellib-neoforge-1.21.1-3.0.2.1.jar
Cryonic Config,https://www.curseforge.com/projects/1208896,1.0.0+mc1.21.11,Slainlight,cryonicconfig-neoforge-1.0.0+mc1.21.11.jar
Crystalix,https://www.curseforge.com/projects/1187033,2.4.0,Satherov,crystalix-2.4.0.jar
Cucumber Library,https://www.curseforge.com/projects/272335,8.0.15,BlakeBr0,Cucumber-1.21.1-8.0.15.jar
Cupboard mod,https://www.curseforge.com/projects/326652,2.9,Someaddon,cupboard-1.21-2.9.jar
Curios API,https://www.curseforge.com/projects/309927,9.5.1+1.21.1,C4,curios-neoforge-9.5.1+1.21.1.jar
Cyclops Core,https://www.curseforge.com/projects/232758,1.28.0,rubensworks (aka kroeser),cyclopscore-1.21.1-neoforge-1.28.0.jar
Dark Mode Everywhere,https://www.curseforge.com/projects/574123,1.21-1.3.5,Buuz135,darkmodeeverywhere-1.21-1.3.5.jar
Deeper and Darker,https://www.curseforge.com/projects/659011,1.3.5,Kyanite Team,deeperdarker-neoforge-1.21.1-1.3.5.jar
Default Options,https://www.curseforge.com/projects/232131,21.1.5,BlayTheNinth,defaultoptions-neoforge-1.21.1-21.1.5.jar
Deimos,https://www.curseforge.com/projects/1158094,2.5,Mars,deimos-1.21.1-neoforge-2.5.jar
DimStorage,https://www.curseforge.com/projects/353882,9.1.1,Edivad99,DimStorage-1.21.1-9.1.1.jar
Dis-Enchanting Table,https://www.curseforge.com/projects/933354,5.0.2,Lupin, Jason13,disenchanting_table-merged-1.21.1-5.0.2.jar
Draconic Evolution,https://www.curseforge.com/projects/223565,3.1.4.630,brandon3055,Draconic-Evolution-1.21.1-3.1.4.630.jar
Drippy Loading Screen,https://www.curseforge.com/projects/511770,3.1.0,Keksuccino,drippyloadingscreen_neoforge_3.1.0_MC_1.21.1.jar
Dyenamics,https://www.curseforge.com/projects/509276,1.21.1-3.4.2,LobsterJonn, Hekera, Reda, Cait,dyenamics-1.21.1-3.4.2.jar
Dyenamics and Friends,https://www.curseforge.com/projects/709617,1.21.1-2.2.2,LobsterJonn,dyenamicsandfriends-1.21.1-2.2.2.jar
Easy Villagers,https://www.curseforge.com/projects/400514,1.21.1-1.1.41,Max Henkel,easy-villagers-neoforge-1.21.1-1.1.41.jar
EdivadLib,https://www.curseforge.com/projects/638508,3.0.0,Edivad99,EdivadLib-1.21-3.0.0.jar
ElevatorMod,https://www.curseforge.com/projects/250832,1.21.1-1.11.4,VsnGamer,elevatorid-neoforge-1.21.1-1.11.4.jar
EnchantmentDescriptions,https://www.curseforge.com/projects/250419,21.1.9,Darkhax,enchdesc-neoforge-1.21.1-21.1.9.jar
Ender IO,https://www.curseforge.com/projects/64578,8.1.1-beta,CrazyPants, tterrag, HenryLoenwind, MatthiasM, CyanideX, EpicSquid, Rover656, HypherionSA, liliandev, Ferri_Arnus, dphaldes,enderio-8.1.1-beta.jar
EnderDrives,https://www.curseforge.com/projects/1226739,1.4.4,STS15,enderdrives-neoforge-1.21.1-1.4.4.jar
EnderStorage,https://www.curseforge.com/projects/245174,2.13.0.191,ChickenBones, covers1624,EnderStorage-1.21.1-2.13.0.191.jar
Enderman Overhaul,https://www.curseforge.com/projects/574409,2.0.2,Alex Nijjar, Joosh,endermanoverhaul-neoforge-1.21.1-2.0.2.jar
Epitaphs,https://www.curseforge.com/projects/1325482,1.0.13,Satherov,epitaphs-1.0.13_neoforge_1.21.1.jar
Eternal Starlight,https://www.curseforge.com/projects/1080592,0.6.4+1.21.1+neoforge,LeoLezury,eternalstarlight-0.6.4+1.21.1+neoforge.jar
Euphoria Patcher,https://www.curseforge.com/projects/915902,1.8.2-r5.7.1-neoforge,SpacEagle17,EuphoriaPatcher-1.8.2-r5.7.1-neoforge.jar
Everything is Copper,https://www.curseforge.com/projects/579545,1.21.1-2.4.5,LobsterJonn,everythingcopper-1.21.1-2.4.5.jar
Expanded AE,https://www.curseforge.com/projects/1213351,2.1.1,Kolja,expandedae-2.1.1.jar
ExperienceLib,https://www.curseforge.com/projects/1156551,1.1.1,Alec_016GG,experiencelib-1.21.1-1.1.1.jar
Explorer's Compass,https://www.curseforge.com/projects/491794,1.21.1-3.0.3-neoforge,ChaosTheDude,ExplorersCompass-1.21.1-3.0.3-neoforge.jar
ExtendedAE,https://www.curseforge.com/projects/892005,1.21-2.2.28-neoforge,GlodBlock,ExtendedAE-1.21-2.2.28-neoforge.jar
Extreme Reactors,https://www.curseforge.com/projects/250277,1.21.1-2.4.28,ZeroNoRyouki,ExtremeReactors2-1.21.1-2.4.28.jar
Extreme Sound Muffler,https://www.curseforge.com/projects/363363,3.54,LeoBeliik,ExtremeSoundMuffler-3.54_NeoForge-1.21.jar
FTB Chunks,https://www.curseforge.com/projects/314906,2101.1.13,FTB Team,ftb-chunks-neoforge-2101.1.13.jar
FTB Essentials,https://www.curseforge.com/projects/410811,2101.1.8,FTB Team,ftb-essentials-neoforge-2101.1.8.jar
FTB Filter System,https://www.curseforge.com/projects/943925,21.1.4,FTB Team,ftb-filter-system-neoforge-21.1.4.jar
FTB Jei Extras,https://www.curseforge.com/projects/1103259,21.1.7,FTB Team,ftb-jei-extras-21.1.7.jar
FTB Library,https://www.curseforge.com/projects/404465,2101.1.30,FTB Team,ftb-library-neoforge-2101.1.30.jar
FTB Quests,https://www.curseforge.com/projects/289412,2101.1.21,FTB Team,ftb-quests-neoforge-2101.1.21.jar
FTB Quests Lang Splitter,https://www.curseforge.com/projects/1326856,1.0.5,Uncandango,ftbquestslangsplitter-1.0.5.jar
FTB Ranks,https://www.curseforge.com/projects/314905,2101.1.3,FTB Team,ftb-ranks-neoforge-2101.1.3.jar
FTB Teams,https://www.curseforge.com/projects/404468,2101.1.9,FTB Team,ftb-teams-neoforge-2101.1.9.jar
FTB Ultimine,https://www.curseforge.com/projects/386134,2101.1.13,FTB Team,ftb-ultimine-neoforge-2101.1.13.jar
FTB XMod Compat,https://www.curseforge.com/projects/889915,21.1.7,FTB Team,ftb-xmod-compat-neoforge-21.1.7.jar
Factory Blocks,https://www.curseforge.com/projects/640001,1.4.0+mc1.21.1,slaincow,factory_blocks-neoforge-1.4.0+mc1.21.1.jar
FancyMenu,https://www.curseforge.com/projects/367706,3.8.1,Keksuccino,fancymenu_neoforge_3.8.1_MC_1.21.1.jar
Farmer's Delight,https://www.curseforge.com/projects/398521,1.2.9,vectorwing,FarmersDelight-1.21.1-1.2.9.jar
Farming for Blockheads,https://www.curseforge.com/projects/261924,21.1.11,BlayTheNinth,farmingforblockheads-neoforge-1.21.1-21.1.11.jar
Fast Suite,https://www.curseforge.com/projects/475117,6.0.7,Shadows_of_Fire,FastSuite-1.21.1-6.0.7.jar
Fast Workbench,https://www.curseforge.com/projects/288885,9.1.3,Shadows_of_Fire,FastWorkbench-1.21.1-9.1.3.jar
FastFurnace,https://www.curseforge.com/projects/299540,9.0.1,Shadows_of_Fire,FastFurnace-1.21.1-9.0.1.jar
Ferrite Core,https://www.curseforge.com/projects/429235,7.0.3,malte0811,ferritecore-7.0.3-neoforge.jar
Fireproof Boats,https://www.curseforge.com/projects/830962,1.21.1-1.0.4,LobsterJonn,fireproofboats-1.21.1-1.0.4.jar
FlickerFix,https://www.curseforge.com/projects/431430,6.1.0,,flickerfix-1.21.1-6.1.0.jar
Flux Networks,https://www.curseforge.com/projects/248020,8.0.0,Sonar Sonic, BloCamLimb,FluxNetworks-1.21.1-8.0.0.jar
Forbidden Arcanus,https://www.curseforge.com/projects/309858,2.6.1,,forbidden_arcanus-2.6.1.jar
FramedBlocks,https://www.curseforge.com/projects/441647,10.5.2,XFactHD,FramedBlocks-10.5.2.jar
Fuel Goes Here,https://www.curseforge.com/projects/659090,1.21.1-1.2.0,LobsterJonn,fuelgoeshere-1.21.1-1.2.0.jar
Functional Storage,https://www.curseforge.com/projects/556861,1.21.1-1.5.5,Buuz135, Rid,functionalstorage-1.21.1-1.5.5.jar
Fusion,https://www.curseforge.com/projects/854949,1.2.12,SuperMartijn642,fusion-1.2.12-neoforge-mc1.21.1.jar
Fzzy Config,https://www.curseforge.com/projects/1005914,0.7.6+1.21+neoforge,fzzyhmstrs,fzzy_config-0.7.6+1.21+neoforge.jar
GeckoLib 4,https://www.curseforge.com/projects/388172,4.8.3,Gecko, Eliot, AzureDoom, DerToaster, Tslat, Witixin,geckolib-neoforge-1.21.1-4.8.3.jar
Generator Galore,https://www.curseforge.com/projects/691049,1.21.1-1.6.3,LobsterJonn,generatorgalore-1.21.1-1.6.3.jar
Get It Together, Drops!,https://www.curseforge.com/projects/411045,1.4,bl4ckscor3,getittogetherdrops-neoforge-1.21.5-1.4.jar
Glassential-renewed,https://www.curseforge.com/projects/945149,3.4.1,Big_Energy,Glassential-renewed-1.21.1-3.4.1.jar
Glodium,https://www.curseforge.com/projects/957920,1.21-2.2-neoforge,GlodBlock,Glodium-1.21-2.2-neoforge.jar
Gravitational Modulating Additional Unit,https://www.curseforge.com/projects/656136,6.4,gisellevonbingen,GravitationalModulatingAdditionalUnit-1.21.1-6.4.jar
GuideME,https://www.curseforge.com/projects/1173950,21.1.15,shartte,guideme-21.1.15.jar
Handcrafted,https://www.curseforge.com/projects/538214,4.0.3,Alex Nijjar, Kekie6,handcrafted-neoforge-1.21.1-4.0.3.jar
Hardened Armadillos,https://www.curseforge.com/projects/1001266,1.21.1-0.2.0,LobsterJonn,hardenedarmadillos-1.21.1-0.2.0.jar
Hey Berry! SHUT UP,https://www.curseforge.com/projects/634227,1.21.0-2.0.4,LobsterJonn,heyberryshutup-1.21.0-2.0.4.jar
Hostile Neural Networks,https://www.curseforge.com/projects/552574,6.3.0,Shadows_of_Fire,HostileNeuralNetworks-1.21.1-6.3.0.jar
I'm Fast,https://www.curseforge.com/projects/1111501,1.0.2,Bielhiss,imfast-NEOFORGE-1.0.2.jar
I18nUpdateMod,https://github.com/xfl03/I18nUpdateMod3,3.6.2,xfl03,I18nUpdateMod.jar
ImmediatelyFast,https://www.curseforge.com/projects/686911,1.6.10+1.21.1,RK_01,ImmediatelyFast-NeoForge-1.6.10+1.21.1.jar
Immersive Energistics,https://www.curseforge.com/projects/992377,1.1.0-beta,Technici4n,Immersive-Energistics-1.1.0-beta.jar
Immersive Engineering,https://www.curseforge.com/projects/231951,12.4.2-194,BluSunrize and Damien A.W. Hazard,ImmersiveEngineering-1.21.1-12.4.2-194.jar
InControl,https://www.curseforge.com/projects/257356,1.21-10.2.6,McJty,incontrol-1.21-10.2.6.jar
Industrial Foregoing,https://www.curseforge.com/projects/266515,1.21-3.6.37,Buuz135,industrialforegoing-1.21-3.6.37.jar
Industrial Foregoing Souls,https://www.curseforge.com/projects/904394,1.10.7,Buuz135, Rid,industrial-foregoing-souls-1.21.1-1.10.7.jar
IntegratedCrafting,https://www.curseforge.com/projects/287357,1.4.3,rubensworks (aka kroeser),integratedcrafting-1.21.1-neoforge-1.4.3.jar
IntegratedDynamics,https://www.curseforge.com/projects/236307,1.30.5,rubensworks (aka kroeser),integrateddynamics-1.21.1-neoforge-1.30.5-1489.jar
IntegratedScripting,https://www.curseforge.com/projects/889785,1.0.21,rubensworks (aka kroeser),integratedscripting-1.21.1-neoforge-1.0.21.jar
IntegratedTerminals,https://www.curseforge.com/projects/295910,1.6.24,rubensworks (aka kroeser),integratedterminals-1.21.1-neoforge-1.6.24.jar
IntegratedTunnels,https://www.curseforge.com/projects/251389,1.9.2,rubensworks (aka kroeser),integratedtunnels-1.21.1-neoforge-1.9.2-521.jar
Inventory Tweaks Refoxed,https://www.curseforge.com/projects/976858,1.21.1-1.3.2,LobsterJonn (Current maintainer),invtweaks-1.21.1-1.3.2.jar
Iris,https://www.curseforge.com/projects/455508,1.8.12-snapshot+mc1.21.1-local,coderbot, IMS212,iris-neoforge-1.8.12+mc1.21.1.jar
Iron Furnaces,https://www.curseforge.com/projects/237664,4.3.2,Qelifern (pizzaatime), XenoMustache,ironfurnaces-neoforge-1.21.1-4.3.2.jar
Iron Jetpacks,https://www.curseforge.com/projects/284497,8.0.11,BlakeBr0,IronJetpacks-1.21.1-8.0.11.jar
Item Collectors,https://www.curseforge.com/projects/395620,1.1.10,SuperMartijn642,itemcollectors-1.1.10-neoforge-mc1.21.jar
Jade,https://www.curseforge.com/projects/324717,15.10.5+neoforge,Snownee,Jade-1.21.1-NeoForge-15.10.5.jar
Jonn's Trophies,https://www.curseforge.com/projects/510170,1.21.1-2.4.0,LobsterJonn,trophymanager-1.21.1-2.4.0.jar
Journeymap-NeoForge,https://www.curseforge.com/projects/32274,not a fabric mod,"Mysticdrew,Techbrew,MemeSapiens",journeymap-neoforge-1.21.1-6.0.0-beta.53.jar
Jumpy Boats,https://www.curseforge.com/projects/542110,1.21.0-1.0.5,LobsterJonn,jumpboat-1.21.0-1.0.5.jar
Just Dire Things,https://www.curseforge.com/projects/1002348,1.5.7,Direwolf20,justdirethings-1.5.7.jar
Just Enough Archaeology,https://www.curseforge.com/projects/890755,1.21.1-1.1.6,LobsterJonn,jearchaeology-1.21.1-1.1.6.jar
Just Enough Breeding,https://www.curseforge.com/projects/899386,1.6.2,Christofmeg,justenoughbreeding-neoforge-1.21-1.21.1-1.6.2.jar
Just Enough Items,https://www.curseforge.com/projects/238222,19.27.0.340,mezz,jei-1.21.1-neoforge-19.27.0.340.jar
Just Enough Mekanism Multiblocks,https://www.curseforge.com/projects/898746,7.12,gisellevonbingen,JustEnoughMekanismMultiblocks-1.21.1-7.12.jar
Just Enough Professions (JEP),https://www.curseforge.com/projects/417645,4.0.4,Mrbysco, ShyNieke,JustEnoughProfessions-neoforge-1.21.1-4.0.4.jar
Just Zoom,https://www.curseforge.com/projects/561885,2.1.0,Keksuccino,justzoom_neoforge_2.1.0_MC_1.21.1.jar
KeyBind Bundles,https://www.curseforge.com/projects/1172594,1.4.0,Matyrobbrt,keybindbundles-1.4.0.jar
KeybindsPurger,https://www.curseforge.com/projects/1099143,1.3.4,ZedDevStuff,keybindspurger-1.21.x-neoforge-1.3.4.jar
Konkrete,https://www.curseforge.com/projects/410295,1.9.9,Keksuccino,konkrete_neoforge_1.9.9_MC_1.21.jar
Kotlin for Forge,https://www.curseforge.com/projects/351264,7471280,,kotlinforforge-5.11.0-all.jar
KubeJS,https://www.curseforge.com/projects/238086,2101.7.2-build.348,latvian.dev,kubejs-neoforge-2101.7.2-build.348.jar
KubeJS Tweaks,https://www.curseforge.com/projects/1306367,1.0.6,Uncandango,kubejstweaks-1.0.6.jar
L_Ender's Cataclysm 1.21.1,https://www.curseforge.com/projects/551586,3.23,L_Ender,L_Ender's Cataclysm 1.21.1-3.23.jar
Laser Bridges & Doors,https://www.curseforge.com/projects/776337,5.3,Mars,laserbridges-1.21.1-neoforge-5.3.jar
LaserIO,https://www.curseforge.com/projects/626839,1.9.11,Direwolf20, ErrorMikey,laserio-1.9.11.jar
Little Big Redstone,https://www.curseforge.com/projects/1180560,1.5.0-beta-1.21.1,Swedz,little-big-redstone-1.5.0-beta-1.21.1.jar
Load My F***ing Tags,https://www.curseforge.com/projects/656346,1.1.1+1.21.9,Blodhgarm,lmft-1.1.1+1.21.9-neoforge.jar
Lootr,https://www.curseforge.com/projects/361276,1.21.1-1.11.36.114,Noobanidus,lootr-neoforge-1.21.1-1.11.36.114.jar
Luminax,https://www.curseforge.com/projects/1165932,1.3.1,Satherov,luminax-1.3.1_neoforge_1.21.1.jar
ME Requester,https://www.curseforge.com/projects/688367,1.21.1-1.4.1,Almost Reliable,merequester-neoforge-1.21.1-1.4.1.jar
MEGA Cells,https://www.curseforge.com/projects/622112,4.10.2,90,megacells-4.10.2.jar
McJtyLib,https://www.curseforge.com/projects/233105,1.21-9.0.20,McJty,mcjtylib-1.21-9.0.20.jar
Measurements,https://www.curseforge.com/projects/478559,3.0.3,Mrbysco,Measurements-neoforge-1.21.1-3.0.3.jar
Mekanism,https://www.curseforge.com/projects/268560,10.7.17,Aidancbrady, Thommy101, Thiakil, pupnewfster, dizzyd,Mekanism-1.21.1-10.7.17.83.jar
Mekanism Covers,https://www.curseforge.com/projects/1119874,1.3-BETA+1.21,D4rkness_King,mekanismcovers-1.3-BETA+1.21.jar
Mekanism: Generators,https://www.curseforge.com/projects/268566,10.7.17,Aidancbrady, Thommy101, Thiakil, pupnewfster, dizzyd,MekanismGenerators-1.21.1-10.7.17.83.jar
Mekanism: MoreMachine,https://www.curseforge.com/projects/1275257,1.3.0,Lost Myself,mekmm-1.21.1-1.3.0.jar
Mekanism: Tools,https://www.curseforge.com/projects/268567,10.7.17,Aidancbrady, Thommy101, Thiakil, pupnewfster, dizzyd,MekanismTools-1.21.1-10.7.17.83.jar
Mekanistic Routers,https://www.curseforge.com/projects/1148201,1.2.0,Matyrobbrt,mekanisticrouters-1.2.0.jar
Melody,https://www.curseforge.com/projects/938643,1.0.10,Keksuccino,melody_neoforge_1.0.10_MC_1.21.jar
Mining Gadgets,https://www.curseforge.com/projects/351748,1.18.6,Direwolf20, ErrorMikey,mininggadgets-1.18.6.jar
MmmMmmMmmMmm,https://www.curseforge.com/projects/225738,1.21-2.0.11,Mehvahdjukaar, Bonusboni, Gooigipunch, Plantkillable,dummmmmmy-1.21-2.0.11-neoforge.jar
Mob Grinding Utils,https://www.curseforge.com/projects/254241,1.1.10+mc1.21.1,vadis365, flanks255,mob_grinding_utils-1.1.10+mc1.21.1.jar
Model Gap Fix,https://www.curseforge.com/projects/676136,1.21-1.10,MehVahdJukaar,modelfix-1.21-1.10.jar
ModernFix,https://www.curseforge.com/projects/790626,5.26.1+mc1.21.1,embeddedt,modernfix-neoforge-5.26.1+mc1.21.1.jar
Modonomicon,https://www.curseforge.com/projects/538392,1.117.4,Kli Kli,modonomicon-1.21.1-neoforge-1.117.4.jar
Modular Routers,https://www.curseforge.com/projects/250294,13.2.4,Des Herriott,modular-routers-13.2.4+mc1.21.1.jar
ModularBees,https://www.curseforge.com/projects/1350380,1.21.1-2.5-neoforge,GlodBlock,ModularBees-1.21.1-2.5-neoforge.jar
MonoLib,https://www.curseforge.com/projects/968432,2.1.0,Jason13,monolib-neoforge-1.21.1-2.1.0.jar
Moonlight Lib,https://www.curseforge.com/projects/499980,1.21-2.29.16,MehVahdJukaar,moonlight-1.21-2.29.16-neoforge.jar
More Dragon Eggs,https://www.curseforge.com/projects/358700,5.0,Darkere,moredragoneggs-5.0.jar
More Industrial Foregoing Addons,https://www.curseforge.com/projects/1086142,2.1.0,Christofmeg,mifa-neoforge-1.21.x-2.1.0.jar
More Overlays Updated,https://www.curseforge.com/projects/391382,1.24.2,feldim2425, RiDGo8,moreoverlays-1.24.2-mc1.21.1-neoforge.jar
More Red,https://www.curseforge.com/projects/387638,6.0.0.3,Commoble,morered-1.21.1-6.0.0.3.jar
Mouse Tweaks,https://www.curseforge.com/projects/60089,2.26.1,Ivan Molodetskikh (YaLTeR),MouseTweaks-neoforge-mc1.21-2.26.1.jar
Mystical Agradditions,https://www.curseforge.com/projects/256247,8.0.12,BlakeBr0,MysticalAgradditions-1.21.1-8.0.12.jar
Mystical Agriculture,https://www.curseforge.com/projects/246640,8.0.22,BlakeBr0,MysticalAgriculture-1.21.1-8.0.22.jar
Mystical Customization,https://www.curseforge.com/projects/280441,6.0.1,BlakeBr0,MysticalCustomization-1.21.1-6.0.1.jar
Nature's Compass,https://www.curseforge.com/projects/252848,1.21.1-3.0.2-neoforge,ChaosTheDude,NaturesCompass-1.21.1-3.0.3-neoforge.jar
NaturesAura,https://www.curseforge.com/projects/306626,41.9,Ellpeck,NaturesAura-41.9.jar
NeoAuth,https://www.curseforge.com/projects/1140741,1.0.1,Mrbysco, Axieum,NeoAuth-1.21.1-1.0.1.jar
NetherPortalFix,https://www.curseforge.com/projects/241160,21.1.1,BlayTheNinth,netherportalfix-neoforge-1.21.1-21.1.1.jar
No Chat Reports,https://www.curseforge.com/projects/634062,1.21.1-v2.9.1,Aizistral,NoChatReports-NEOFORGE-1.21.1-v2.9.1.jar
No Villager Death Messages,https://www.curseforge.com/projects/451682,6.0.0,,novillagerdm-1.21.1-6.0.0.jar
Not Enough Glyphs,https://www.curseforge.com/projects/1023517,4.2.6,Alexthw,not_enough_glyphs-1.21.1-4.2.6.jar
Nullscape,https://www.curseforge.com/projects/570354,1.2.14,Stardust Labs,Nullscape_1.21.x_v1.2.14.jar
Observable,https://www.curseforge.com/projects/509575,5.4.4,tasgon,observable-5.4.4.jar
Occultism,https://www.curseforge.com/projects/361026,1.205.0,Kli Kli,occultism-1.21.1-neoforge-1.205.0.jar
OctoLib,https://www.curseforge.com/projects/916747,0.6.0.4,OctoStudios,OctoLib-NEOFORGE-0.6.0.4+1.21.jar
Omega Config Architectury,https://www.curseforge.com/projects/558000,1.5.1,Frqnny,omegaconfig-neoforge-1.5.1.jar
Oracle Index,https://www.curseforge.com/projects/1206582,0.5.0,Me! - Rearth,oracle_index-neoforge-0.5.0.jar
Oritech,https://www.curseforge.com/projects/1030830,1.0.0,Me! - Rearth,oritech-neoforge-1.21.1-1.0.0.jar
OverloadedArmorBar,https://www.curseforge.com/projects/314002,2,Jared,overloadedarmorbar-neoforge-1.21-2.jar
PKGBadges,https://www.curseforge.com/projects/889895,7.0,PoyrazPKG, KayraPKG,PKGBadges-7.0.jar
Patchouli,https://www.curseforge.com/projects/306770,1.21.1-92-NEOFORGE,Vazkii,Patchouli-1.21.1-92-NEOFORGE.jar
Pipez,https://www.curseforge.com/projects/443900,1.21.1-1.2.19,Max Henkel,pipez-neoforge-1.21.1-1.2.19.jar
Placebo,https://www.curseforge.com/projects/283644,9.9.1,Shadows_of_Fire,Placebo-1.21.1-9.9.1.jar
Player Animator,https://www.curseforge.com/projects/658587,2.0.4+1.21.1,KosmX,player-animation-lib-forge-2.0.4+1.21.1.jar
PneumaticCraft: Repressurized,https://www.curseforge.com/projects/281849,8.2.16,desht, MineMaarten,pneumaticcraft-repressurized-8.2.16+mc1.21.1.jar
Pocket Storage,https://www.curseforge.com/projects/367734,1.2.5,Flanks255,pocketstorage-1.2.5+1.21.1-b3.jar
PolyLib,https://www.curseforge.com/projects/576589,2100.1.0-build.183,CreeperHost,polylib-2100.1.0-build.183-neoforge.jar
Polymorph,https://www.curseforge.com/projects/388800,1.1.0+1.21.1,Illusive Soulworks,polymorph-neoforge-1.1.0+1.21.1.jar
Polymorphic Energistics,https://www.curseforge.com/projects/941096,0.4.1,90,polyeng-0.4.1.jar
PonderJS,https://www.curseforge.com/projects/622888,1.21.1-2.4.0,AlmostReliable,ponderjs-neoforge-1.21.1-2.4.0.jar
PotionsMaster,https://www.curseforge.com/projects/356801,0.7.1-packdev,thevortex, whatthedrunk,potionsmaster-21.1.113-0.7.1-packdev.jar
Powah,https://www.curseforge.com/projects/633483,6.2.8,owmii,Technici4n,shartte,Powah-6.2.8.jar
PrickleMC,https://www.curseforge.com/projects/1023259,21.1.11,Darkhax,prickle-neoforge-1.21.1-21.1.11.jar
Productive Bees,https://www.curseforge.com/projects/377897,1.21.1-13.13.0,LobsterJonn,productivebees-1.21.1-13.13.0.jar
Productive Metalworks,https://www.curseforge.com/projects/1184570,1.21.1-1.14.0,LobsterJonn,productivemetalworks-1.21.1-1.14.0.jar
Productive Trees,https://www.curseforge.com/projects/867074,1.21.1-0.8.0,LobsterJonn,productivetrees-1.21.1-0.8.0.jar
Pylons,https://www.curseforge.com/projects/518211,5.4.1,,pylons-1.21.1-5.4.1.jar
QuarryPlus,https://www.curseforge.com/projects/282837,21.1.144,Kotori316,AdditionalEnchantedMiner-1.21.1-neoforge-21.1.144.jar
RAR-Compat,https://www.curseforge.com/projects/1100379,0.9.7,Octo-Studios,rarcompat-1.21-0.9.7.jar
RFToolsBase,https://www.curseforge.com/projects/326041,1.21-6.0.10,McJty,rftoolsbase-1.21-6.0.10.jar
RFToolsBuilder,https://www.curseforge.com/projects/347706,1.21-7.0.4,McJty,rftoolsbuilder-1.21-7.0.4.jar
RFToolsPower,https://www.curseforge.com/projects/290209,1.21-7.0.5,McJty,rftoolspower-1.21-7.0.5.jar
RFToolsStorage,https://www.curseforge.com/projects/350006,1.21-6.0.4,McJty,rftoolsstorage-1.21-6.0.4.jar
RFToolsUtility,https://www.curseforge.com/projects/342466,1.21-7.0.10,McJty,rftoolsutility-1.21-7.0.10.jar
Radical Cobblemon Trainers,https://www.curseforge.com/projects/1009534,0.17.6-beta,HDainester,rctmod-neoforge-1.21.1-0.17.6-beta.jar
Radical Cobblemon Trainers API,https://www.curseforge.com/projects/1152792,0.14.6-beta,HDainester,rctapi-neoforge-1.21.1-0.14.6-beta.jar
Railcraft Reborn,https://www.curseforge.com/projects/901491,1.2.10,Sm0keySa1m0n, Edivad99,railcraft-reborn-1.21.1-1.2.10.jar
Ranged Pumps,https://www.curseforge.com/projects/247496,1.3.0,Refined Mods,rangedpumps-1.3.0.jar
Reap Mod,https://www.curseforge.com/projects/244256,1.21.1-1.1.2,Max Henkel,reap-neoforge-1.21.1-1.1.2.jar
Rebind Narrator,https://www.curseforge.com/projects/296996,2025.12.23,quaternary,rebind_narrator-1.21.1-neoforge-2025.12.23.jar
Rechiseled,https://www.curseforge.com/projects/558998,1.2.1,SuperMartijn642,rechiseled-1.2.1-neoforge-mc1.21.jar
Rechiseled: Chipped,https://www.curseforge.com/projects/1007578,1.3,iwolfking,rechiseled_chipped-2.0-1.21.1.jar
Rechiseled: Create,https://www.curseforge.com/projects/888624,1.1.0,SuperMartijn642,rechiseledcreate-1.1.0-neoforge-mc1.21.jar
Redstone Pen,https://www.curseforge.com/projects/461710,1.11.42,wilechaote,redstonepen-1.21-neoforge-1.11.42.jar
Relics,https://www.curseforge.com/projects/445274,0.10.7.7,SSKirillSS,relics-1.21.1-0.10.7.7.jar
Reliquary Reincarnations,https://www.curseforge.com/projects/241319,2.0.65,P3pp3rF1y,reliquary-1.21.1-2.0.65.1341.jar
Repeatable Trial Vaults,https://www.curseforge.com/projects/1070541,1.0.2,Buuz135,repeatable_trial_vaults-neoforge-1.21-1.0.2.jar
Resourceful Lib,https://www.curseforge.com/projects/570073,3.0.12,ThatGravyBoat, Epic_Oreo,resourcefullib-neoforge-1.21-3.0.12.jar
Resourcefulconfig,https://www.curseforge.com/projects/714059,3.0.11,,resourcefulconfig-neoforge-1.21-3.0.11.jar
Restrictions,https://www.curseforge.com/projects/282805,1.21-7.0.3,McJty,restrictions-1.21-7.0.3.jar
Rhino,https://www.curseforge.com/projects/416294,2101.2.7-build.81,"latvian.dev,Mozilla",rhino-2101.2.7-build.81.jar
Roots Classic,https://www.curseforge.com/projects/295780,1.21.1-1.5.6,Elucent, Lothrazar, Mrbysco,RootsClassic-1.21.1-1.5.6.jar
Scalable Cat's Force,https://www.curseforge.com/projects/320926,6737240,,ScalableCatsForce-NeoForge-3.7.1-build-11-with-library.jar
Searchables,https://www.curseforge.com/projects/858542,1.0.2,Jaredlll08,Searchables-neoforge-1.21.1-1.0.2.jar
SecurityCraft,https://www.curseforge.com/projects/64760,1.10.1,Geforce132, bl4ckscor3, Redstone_Dubstep,[1.21.1] SecurityCraft v1.10.1.jar
Shrink,https://www.curseforge.com/projects/426386,2.0.1.47,Gigabit101,shrink-2.0.1.47-neoforge.jar
Silent Gear,https://www.curseforge.com/projects/297039,4.0.30,SilentChaos512,silent-gear-1.21.1-neoforge-4.0.30.jar
Silent Gear Metalworks,https://www.curseforge.com/projects/1199188,1.21.1-1.4.6,LobsterJonn,sgearmetalworks-1.21.1-1.4.6.jar
Silent Lib,https://www.curseforge.com/projects/242998,10.5.1,SilentChaos512,silent-lib-1.21.1-neoforge-10.5.1.jar
Silent's Gems,https://www.curseforge.com/projects/220311,5.1.3,SilentChaos512,silentgems-1.21.1-neoforge-5.1.3.jar
Simple Backups,https://www.curseforge.com/projects/583228,1.21-4.0.28,MelanX,SimpleBackups-1.21-4.0.28.jar
Simple Magnets,https://www.curseforge.com/projects/394140,1.1.12+c,SuperMartijn642,simplemagnets-1.1.12c-neoforge-mc1.21.jar
Simple Voice Chat,https://modrepo.de/minecraft/voicechat/overview,1.21.1-2.6.11,Max Henkel,voicechat-neoforge-1.21.1-2.6.11.jar
Simple Weather,https://www.curseforge.com/projects/983390,1.0.13-hotfix,Soaryn,simple_weather-1.0.13-hotfix.jar
SimpleTMs,https://www.curseforge.com/projects/959184,2.3.3,,SimpleTMs-neoforge-2.3.3.jar
Simply Light,https://www.curseforge.com/projects/300331,1.5.3,Flanks255,simplylight-1.5.3+1.21.1-b4.jar
SmartBrainLib,https://www.curseforge.com/projects/661293,1.16.11,Tslat,SmartBrainLib-neoforge-1.21.1-1.16.11.jar
SmithingTemplateViewer,https://www.curseforge.com/projects/1133580,1.0.4,Buuz135,smithingtemplateviewer-1.0.4.jar
Sodium,https://www.curseforge.com/projects/394468,0.6.13+mc1.21.1,JellySquid (jellysquid3), IMS212,sodium-neoforge-0.6.13+mc1.21.1.jar
Sophisticated Backpacks,https://www.curseforge.com/projects/422301,3.25.24,P3pp3rF1y, Ridanisaurus,sophisticatedbackpacks-1.21.1-3.25.24.1499.jar
Sophisticated Backpacks Create Integration,https://www.curseforge.com/projects/1238567,0.1.5,P3pp3rF1y,sophisticatedbackpackscreateintegration-1.21.1-0.1.5.29.jar
Sophisticated Core,https://www.curseforge.com/projects/618298,1.4.1,P3pp3rF1y,sophisticatedcore-1.21.1-1.4.1.1459.jar
Sophisticated Storage,https://www.curseforge.com/projects/619320,1.5.26,P3pp3rF1y, Ridanisaurus,sophisticatedstorage-1.21.1-1.5.26.1480.jar
Sophisticated Storage Create Integration,https://www.curseforge.com/projects/1226755,0.1.13,P3pp3rF1y,sophisticatedstoragecreateintegration-1.21.1-0.1.13.54.jar
Sophisticated Storage In Motion,https://www.curseforge.com/projects/1166930,0.10.26,P3pp3rF1y,sophisticatedstorageinmotion-1.21.1-0.10.26.181.jar
Soulplied Energistics,https://www.curseforge.com/projects/1143614,1.0.2,Buuz135,soulplied_energistics-1.0.2.jar
Spice of Life: Carrot Edition,https://www.curseforge.com/projects/277616,1.16.6,Cazsius, Talonos, juliand665, Mrbysco,solcarrot-1.21.1-1.16.6.jar
Starbunclemania,https://www.curseforge.com/projects/746215,1.5.3,Alexthw,starbunclemania-1.21.1-1.5.3.jar
StevesCarts2,https://www.curseforge.com/projects/551524,1.2.18,VSWE, CreeperHost,stevescarts-1.21-1.2.18-neoforge.jar
Super Factory Manager (SFM),https://www.curseforge.com/projects/306935,4.28.0,TeamDman,Super Factory Manager (SFM)-MC1.21.1-4.28.0.jar
SuperMartijn642's Config Library,https://www.curseforge.com/projects/438332,1.1.8,SuperMartijn642,supermartijn642configlib-1.1.8-neoforge-mc1.21.jar
SuperMartijn642's Core Lib,https://www.curseforge.com/projects/454372,1.1.20,SuperMartijn642,supermartijn642corelib-1.1.20-neoforge-mc1.21.jar
Supplementaries,https://www.curseforge.com/projects/412082,1.21-3.5.17,MehVahdJukaar, Plantkillable,supplementaries-1.21-3.5.17-neoforge.jar
Sussy Sniffers,https://www.curseforge.com/projects/1083346,1.21.1-0.1.3,LobsterJonn,sussysniffers-1.21.1-0.1.3.jar
Tempad,https://www.curseforge.com/projects/514923,3.0.4,CodexAdrian,tempad-1.21.1-3.0.4-all.jar
Terralith,https://www.curseforge.com/projects/513688,2.5.8,Stardust Labs,Terralith_1.21.x_v2.5.8.jar
Tesseract API,https://www.curseforge.com/projects/1067672,1.11.8-1.21.1,Swedz,tesseract-api-neoforge-1.11.8-1.21.1.jar
The Aether,https://www.curseforge.com/projects/255308,1.5.10,AlphaMode, baguchi, bconlon, Blodhgarm, Burning Cactus, Drullkus, Hugo Payn, Jaryt, Katie 'Oz' Payn, quek, Raptor, reetam, RENREN, sunsette,aether-1.21.1-1.5.10-neoforge.jar
The Bumblezone,https://www.curseforge.com/projects/362479,7.11.8+1.21.1-neoforge,TelepathicGrunt,the_bumblezone-7.11.8+1.21.1-neoforge.jar
The Twilight Forest,https://www.curseforge.com/projects/227639,4.8.3287,Benimatic, AtomicBlom, Drullkus, Killer_Demon, quadraxis, Tamaized, williewillus, Andromander, GizmoTheMoonPig, jodlodi, SleepyHorse,twilightforest-1.21.1-4.8.3287-universal.jar
The Undergarden,https://www.curseforge.com/projects/379849,0.9.4,quek,The_Undergarden-1.21.1-0.9.4.jar
Theurgy,https://www.curseforge.com/projects/430636,1.68.0,Kli Kli,theurgy-1.21.1-neoforge-1.68.0.jar
Theurgy KubeJS,https://www.curseforge.com/projects/963206,1.5.1,Kli Kli,theurgy_kubejs-1.21.1-neoforge-1.5.1.jar
Time In A Bottle,https://www.curseforge.com/projects/895919,6.5.4,RealMangoRage, MangoRage,tiab-neoforge-6.5.4.jar
Titanium,https://www.curseforge.com/projects/287342,4.0.40,TheCodedOne, Buuz135,titanium-1.21-4.0.40.jar
Toast Control,https://www.curseforge.com/projects/271740,9.0.1,Shadows_of_Fire,ToastControl-1.21.1-9.0.1.jar
Torchmaster,https://www.curseforge.com/projects/254268,21.1.9,Xalcon,torchmaster-neoforge-1.21.1-21.1.9.jar
Torchmaster Cobblemon Compat,https://www.curseforge.com/projects/1236250,1.6-neoforge-1.0.0,xalcone,torchmastercobblemoncompat-1.6-neoforge-1.0.0.jar
Trash Cans,https://www.curseforge.com/projects/394535,1.0.18+c,SuperMartijn642,trashcans-1.0.18c-neoforge-mc1.21.jar
Tree Tap,https://www.curseforge.com/projects/927874,1.21.1-0.4.5,LobsterJonn,treetap-1.21.1-0.4.5.jar
Underground Villages Mod,https://www.curseforge.com/projects/606989,4.0.3,Mrbysco, ShyNieke,UndergroundVillages-neoforge-1.21.1-4.0.3.jar
Universal Sawmill,https://www.curseforge.com/projects/964817,1.21-1.7.1,MehVahdJukaar,sawmill-1.21-1.7.2-neoforge.jar
Utilitarian,https://www.curseforge.com/projects/929559,1.21.1-0.18.0,LobsterJonn,utilitarian-1.21.1-0.18.0.jar
Utility vest,https://www.curseforge.com/projects/1284144,1.1.1,Satherov,utilityvest-1.1.1.jar
Valhelsia Core,https://www.curseforge.com/projects/416935,1.1.5,,valhelsia_core-neoforge-1.21.1-1.1.5.jar
Waystones,https://www.curseforge.com/projects/245755,21.1.25,BlayTheNinth,waystones-neoforge-1.21.1-21.1.25.jar
When Dungeons Arise,https://www.curseforge.com/projects/442508,2.1.68,Aureljz, DiamondTown & Zephyrusjz,DungeonsArise-1.21.1-2.1.68-release.jar
Wireless Chargers,https://www.curseforge.com/projects/510656,1.0.9+a,SuperMartijn642,wirelesschargers-1.0.9a-neoforge-mc1.21.jar
Wither Skeleton Tweaks,https://www.curseforge.com/projects/255902,10.1.1,Shadows_of_Fire,WitherSkeletonTweaks-1.21.1-10.1.1.jar
XNet,https://www.curseforge.com/projects/260912,1.21-7.0.6,McJty,xnet-1.21-7.0.6.jar
XTones Reworked,https://www.curseforge.com/projects/694231,1.1.1-1.21.1,TobsenD,xtonesreworked-1.1.1-1.21.1.jar
YUNG's API,https://www.curseforge.com/projects/1015100,1.21.1-NeoForge-5.1.6,YUNGNICKYOUNG,YungsApi-1.21.1-NeoForge-5.1.6.jar
YUNG's Better Dungeons,https://www.curseforge.com/projects/1015112,1.21.1-NeoForge-5.1.4,YUNGNICKYOUNG, Acarii,YungsBetterDungeons-1.21.1-NeoForge-5.1.4.jar
YUNG's Better End Island,https://www.curseforge.com/projects/1015127,1.21.1-NeoForge-3.1.2,YUNGNICKYOUNG, Acarii,YungsBetterEndIsland-1.21.1-NeoForge-3.1.2.jar
YUNG's Better Mineshafts,https://www.curseforge.com/projects/1015096,1.21.1-NeoForge-5.1.1,YUNGNICKYOUNG,YungsBetterMineshafts-1.21.1-NeoForge-5.1.1.jar
YUNG's Better Strongholds,https://www.curseforge.com/projects/1015105,1.21.1-NeoForge-5.1.3,YUNGNICKYOUNG, Acarii,YungsBetterStrongholds-1.21.1-NeoForge-5.1.3.jar
Yeetus Experimentus,https://www.curseforge.com/projects/635427,87.0.0,Sunekaer,yeetusexperimentus-neoforge-87.0.0.jar
YetAnotherConfigLib,https://www.curseforge.com/projects/667299,3.8.2+1.21.1-neoforge,isXander,yet_another_config_lib_v3-3.8.2+1.21.1-neoforge.jar
Zero CORE 2,https://www.curseforge.com/projects/247921,1.21.1-2.4.21,ZeroNoRyouki,ZeroCore2-1.21.1-2.4.21.jar
lionfishapi,https://www.curseforge.com/projects/1001614,2.6,L_Ender,lionfishapi-2.6.jar
memorysettings mod,https://www.curseforge.com/projects/526901,5.9,Someaddon,memorysettings-1.21-5.9.jar
oωo,https://www.curseforge.com/projects/532610,0.12.15.5-beta.1+1.21,glisco, Blodhgarm, BasiqueEvangelist, Noaaan,owo-lib-neoforge-0.12.15.5-beta.1+1.21.jar
spark,https://www.curseforge.com/projects/361579,1.10.124,Luck,spark-1.10.124-neoforge.jar